KFA	AKD
33094722	AKD 11303520072.pdf
33094723	AKD 11303520072.pdf
33094724	AKD 11303520072.pdf
33094725	AKD 11303520072.pdf
33094726	AKD 11303520072.pdf
33094728	AKD 11303520072.pdf
33094729	AKD 11303520072.pdf
33094730	AKD 11303520072.pdf
33094731	AKD 11303520072.pdf
33094732	AKD 11303520072.pdf
33201836	AKD 11303520072.pdf
33094734	AKD 11303520072.pdf
33094735	AKD 11303520072.pdf
33094736	AKD 11303520072.pdf
33094737	AKD 11303520072.pdf
33095918	AKD 11303520072.pdf
33095920	AKD 11303520072.pdf
33095923	AKD 11303520072.pdf
33095925	AKD 11303520072.pdf
33095927	AKD 11303520072.pdf
33095931	AKD 11303520072.pdf
33095934	AKD 11303520072.pdf
33095937	AKD 11303520072.pdf
33095938	AKD 11303520072.pdf
33095941	AKD 11303520072.pdf
33095943	AKD 11303520072.pdf
33095945	AKD 11303520072.pdf
33095946	AKD 11303520072.pdf
33095950	AKD 11303520072.pdf
33095953	AKD 11303520072.pdf
33095956	AKD 11303520072.pdf
33095959	AKD 11303520072.pdf
33095961	AKD 11303520072.pdf
33095964	AKD 11303520072.pdf
33095966	AKD 11303520072.pdf
33095968	AKD 11303520072.pdf
33095972	AKD 11303520072.pdf
33095973	AKD 11303520072.pdf
33095976	AKD 11303520072.pdf
33095979	AKD 11303520072.pdf
33095982	AKD 11303520072.pdf
33095985	AKD 11303520072.pdf
33101514	AKD 11303520072.pdf
33101515	AKD 11303520072.pdf
33101518	AKD 11303520072.pdf
33101519	AKD 11303520072.pdf
33101520	AKD 11303520072.pdf
33101522	AKD 11303520072.pdf
33101523	AKD 11303520072.pdf
33096041	AKD 11303520072.pdf
33096043	AKD 11303520072.pdf
33096046	AKD 11303520072.pdf
33096049	AKD 11303520072.pdf
33096055	AKD 11303520072.pdf
33096061	AKD 11303520072.pdf
33082962	AKD 11303520072.pdf
33096064	AKD 11303520072.pdf
33096066	AKD 11303520072.pdf
33096069	AKD 11303520072.pdf
33096072	AKD 11303520072.pdf
33096077	AKD 11303520072.pdf
33096081	AKD 11303520072.pdf
33096082	AKD 11303520072.pdf
33096085	AKD 11303520072.pdf
33096090	AKD 11303520072.pdf
33096093	AKD 11303520072.pdf
33096097	AKD 11303520072.pdf
33096102	AKD 11303520072.pdf
33096106	AKD 11303520072.pdf
33096113	AKD 11303520072.pdf
33096118	AKD 11303520072.pdf
33096121	AKD 11303520072.pdf
33101526	AKD 11303520072.pdf
33101527	AKD 11303520072.pdf
33101529	AKD 11303520072.pdf
33101530	AKD 11303520072.pdf
33101532	AKD 11303520072.pdf
33101533	AKD 11303520072.pdf
33101534	AKD 11303520072.pdf
33101535	AKD 11303520072.pdf
33093612	AKD 11303520072.pdf
33117127	AKD 11303520072.pdf
33175857	AKD 11303520072.pdf
33175871	AKD 11303520072.pdf
33175877	AKD 11303520072.pdf
33175883	AKD 11303520072.pdf
33175888	AKD 11303520072.pdf
33175893	AKD 11303520072.pdf
33175897	AKD 11303520072.pdf
33175920	AKD 11303520072.pdf
33175923	AKD 11303520072.pdf
33175925	AKD 11303520072.pdf
33175933	AKD 11303520072.pdf
33175935	AKD 11303520072.pdf
33175939	AKD 11303520072.pdf
33175942	AKD 11303520072.pdf
33175945	AKD 11303520072.pdf
33175948	AKD 11303520072.pdf
33175952	AKD 11303520072.pdf
33175954	AKD 11303520072.pdf
33175957	AKD 11303520072.pdf
33175960	AKD 11303520072.pdf
33175963	AKD 11303520072.pdf
33175966	AKD 11303520072.pdf
33175968	AKD 11303520072.pdf
33175971	AKD 11303520072.pdf
33175972	AKD 11303520072.pdf
33175976	AKD 11303520072.pdf
33176088	AKD 11303520072.pdf
33176091	AKD 11303520072.pdf
33176092	AKD 11303520072.pdf
33176093	AKD 11303520072.pdf
33176094	AKD 11303520072.pdf
33176095	AKD 11303520072.pdf
33176097	AKD 11303520072.pdf
33176099	AKD 11303520072.pdf
33176101	AKD 11303520072.pdf
33176178	AKD 11303520072.pdf
33176179	AKD 11303520072.pdf
33176180	AKD 11303520072.pdf
33176181	AKD 11303520072.pdf
33176184	AKD 11303520072.pdf
33176185	AKD 11303520072.pdf
33176187	AKD 11303520072.pdf
33176313	AKD 11303520072.pdf
33176317	AKD 11303520072.pdf
33176322	AKD 11303520072.pdf
33176327	AKD 11303520072.pdf
33176330	AKD 11303520072.pdf
33176645	AKD 11303520072.pdf
33176658	AKD 11303520072.pdf
33176662	AKD 11303520072.pdf
33176668	AKD 11303520072.pdf
33176671	AKD 11303520072.pdf
33176677	AKD 11303520072.pdf
33176679	AKD 11303520072.pdf
33176683	AKD 11303520072.pdf
33176686	AKD 11303520072.pdf
33176689	AKD 11303520072.pdf
33176694	AKD 11303520072.pdf
33176866	AKD 11303520072.pdf
33176869	AKD 11303520072.pdf
33106659	AKD 11303520072.pdf
33106663	AKD 11303520072.pdf
33106667	AKD 11303520072.pdf
33106670	AKD 11303520072.pdf
33106673	AKD 11303520072.pdf
33106676	AKD 11303520072.pdf
33106678	AKD 11303520072.pdf
33106735	AKD 11303520072.pdf
33106739	AKD 11303520072.pdf
33106743	AKD 11303520072.pdf
33106746	AKD 11303520072.pdf
33106750	AKD 11303520072.pdf
33176557	AKD 11303520072.pdf
33176558	AKD 11303520072.pdf
33176644	AKD 11303520072.pdf
33176651	AKD 11303520072.pdf
33176654	AKD 11303520072.pdf
33113104	AKD 11303520072.pdf
33096137	AKD 11303520072.pdf
33096153	AKD 11303520072.pdf
33103073	AKD 11303520072.pdf
33103074	AKD 11303520072.pdf
33096768	AKD 11303520072.pdf
33096774	AKD 11303520072.pdf
33096777	AKD 11303520072.pdf
33096786	AKD 11303520072.pdf
33096790	AKD 11303520072.pdf
33096792	AKD 11303520072.pdf
33096796	AKD 11303520072.pdf
33096800	AKD 11303520072.pdf
33096804	AKD 11303520072.pdf
33096807	AKD 11303520072.pdf
33096812	AKD 11303520072.pdf
33096816	AKD 11303520072.pdf
33096819	AKD 11303520072.pdf
33096823	AKD 11303520072.pdf
33096876	AKD 11303520072.pdf
33096880	AKD 11303520072.pdf
33096885	AKD 11303520072.pdf
33096888	AKD 11303520072.pdf
33096891	AKD 11303520072.pdf
33096893	AKD 11303520072.pdf
33191776	AKD 11303520072.pdf
33114333	AKD 11303520072.pdf
33114334	AKD 11303520072.pdf
33114335	AKD 11303520072.pdf
33191887	AKD 11303520072.pdf
33191890	AKD 11303520072.pdf
33115751	AKD 11303520072.pdf
33115753	AKD 11303520072.pdf
33115755	AKD 11303520072.pdf
33114337	AKD 11303520072.pdf
33114338	AKD 11303520072.pdf
33116007	AKD 11303520072.pdf
33116010	AKD 11303520072.pdf
33116011	AKD 11303520072.pdf
33116012	AKD 11303520072.pdf
33116014	AKD 11303520072.pdf
33096903	AKD 11303520072.pdf
33096905	AKD 11303520072.pdf
33114339	AKD 11303520072.pdf
33114340	AKD 11303520072.pdf
33114341	AKD 11303520072.pdf
33114342	AKD 11303520072.pdf
33096907	AKD 11303520072.pdf
33115757	AKD 11303520072.pdf