33298164	AKD 11203420182.pdf
33298167	AKD 11203420182.pdf
33298168	AKD 11203420182.pdf
33298170	AKD 11203420182.pdf
33298171	AKD 11203420182.pdf
33298173	AKD 11203420182.pdf
33298175	AKD 11203420182.pdf
33298177	AKD 11203420182.pdf
33298180	AKD 11203420182.pdf
33298182	AKD 11203420182.pdf
33298186	AKD 11203420182.pdf
33298188	AKD 11203420182.pdf
33298190	AKD 11203420182.pdf
33298194	AKD 11203420182.pdf
33298196	AKD 11203420182.pdf
33298202	AKD 11203420182.pdf
33298204	AKD 11203420182.pdf
33298208	AKD 11203420182.pdf
33298211	AKD 11203420182.pdf
33298214	AKD 11203420182.pdf
33298218	AKD 11203420182.pdf
33298220	AKD 11203420182.pdf
33298224	AKD 11203420182.pdf
33298227	AKD 11203420182.pdf
33298230	AKD 11203420182.pdf
33298233	AKD 11203420182.pdf
33298236	AKD 11203420182.pdf
33298239	AKD 11203420182.pdf
33298243	AKD 11203420182.pdf
33298246	AKD 11203420182.pdf
33298250	AKD 11203420182.pdf
33298252	AKD 11203420182.pdf
33298255	AKD 11203420182.pdf
33298257	AKD 11203420182.pdf
33298259	AKD 11203420182.pdf
33298322	AKD 11103420271.pdf
33298324	AKD 11103420271.pdf
33298326	AKD 11002520025.pdf
33298327	AKD 11103420271.pdf
33298328	AKD 11103420271.pdf
33298329	AKD 11103420271.pdf
33298330	AKD 11103420271.pdf
33298333	AKD 11103420271.pdf
33298334	AKD 11103420271.pdf
33298336	AKD 11103420271.pdf
33298337	AKD 11103420271.pdf
33298339	AKD 11103420271.pdf
33298340	AKD 11103420271.pdf
33298341	AKD 11103420271.pdf
33298343	AKD 11103420271.pdf
33298344	AKD 11103420271.pdf
33298345	AKD 11103420271.pdf
33298347	AKD 11103420271.pdf
33298262	AKD 11203420182.pdf
33298264	AKD 11203420182.pdf
33298266	AKD 11203420182.pdf
33298268	AKD 11203420182.pdf
33298271	AKD 11203420182.pdf
33298348	AKD 11103420271.pdf
33298350	AKD 11103420271.pdf
33298351	AKD 11103420271.pdf
33298353	AKD 11103420271.pdf
33298354	AKD 11103420271.pdf
33298356	AKD 11103420271.pdf
33298357	AKD 11103420271.pdf
33298274	AKD 11203420182.pdf
33298276	AKD 11203420182.pdf
33298279	AKD 11203420182.pdf
33298281	AKD 11203420182.pdf
33298283	AKD 11203420182.pdf
33298286	AKD 11203420182.pdf
33298288	AKD 11203420182.pdf
33298289	AKD 11203420182.pdf
33298292	AKD 11203420182.pdf
33298294	AKD 11203420182.pdf
33298297	AKD 11203420182.pdf
33298300	AKD 11203420182.pdf
33298301	AKD 11203420182.pdf
33298302	AKD 11203420182.pdf